nidn_dosen,nama,id_dosen,judul_penelitian,kategori_utama,kategori_pendukung,tanggal_terbit,jenis_publikasi,tingkat_publikasi
705087901,Heru Wijayanto Aripradono,2200046,Penerapan Komunikasi Digital Storytelling Pada Media Sosial Instagram,Marketing,"Marketing, Multimedia",29/01/2018,Nasional non-sinta,Jurnal Nasional
705087901,Heru Wijayanto Aripradono,2200046,Social Media and the Journey of Volunteering,Marketing,Ethics,05/11/2020,Nasional non-sinta,Jurnal Nasional terakreditasi Kemenristekdikti peringkat 3 dan 4
705087901,Heru Wijayanto Aripradono,2200046,Faktor Keputusan Pembelian Konsumen Online Marketplace Indonesia,Marketing,Manajemen,08/06/2020,International,Jurnal Internasional terindeks pada basis data internasional
705087901,Heru Wijayanto Aripradono,2200046,"ANALISIS PENGARUH KEMENARIKAN DESAIN WEBSITE, KEPERCAYAAN DAN PROFESIONALISME TERHADAP KEPUTUSAN PEMBELIAN ONLINE JASA AQIQAH",Design,Marketing,26/12/2019,Nasional non-sinta,Jurnal Nasional
705087901,Heru Wijayanto Aripradono,2200046,Analisa Extended Technology Acceptance Model Sebagai Penerimaan Penggunaan Platform Startup Education Technology,Startup,Manajemen,01/12/2021,Sinta,Jurnal Nasional Terakreditasi SINTA 3-6
705087901,Heru Wijayanto Aripradono,2200046,Perancangan Dan Implementasi Web Forum Alumni Universitas Internasional Batam,Website Making,Pemograman,28/02/2021,Sinta,Jurnal Nasional Terakreditasi SINTA 3-6
705087901,Heru Wijayanto Aripradono,2200046,PERANCANGAN DAN PENGEMBANGAN WEB MARKETPLACE KEBUTUHAN RUMAH TANGGA MENGGUNAKAN MODEL WDLC DENGAN METODE SCRUM,Website Making,Pemograman,28/03/2022,Nasional non-sinta,Jurnal Nasional terakreditasi Kemenristekdikti peringkat 5 dan 6
705087901,Heru Wijayanto Aripradono,2200046,Analisa Pengaruh Kualitas Desain Website Terhadap Minat Beli Online Travel Agent,Design,Marketing,19/04/2022,Nasional non-sinta,Jurnal Nasional terakreditasi Kemenristekdikti peringkat 5 dan 6
705087901,Heru Wijayanto Aripradono,2200046,Pengembangan Website Learning Management Systems Dengan Metodologi Scrum,Website Making,Pemograman,06/02/2023,Nasional non-sinta,Jurnal Nasional terakreditasi Kemenristekdikti peringkat 5 dan 6
705087901,Heru Wijayanto Aripradono,2200046,CROWRDFUNDING DONASI: STUDI ITERATIVE DEVELOPMENT DALAM MENGIMPLEMENTASIKAN FEEDBACK PADA PENGEMBANGAN WEBSITE,Website Making,-,06/02/2023,Nasional non-sinta,Jurnal Nasional terakreditasi Kemenristekdikti peringkat 5 dan 6
705087901,Heru Wijayanto Aripradono,2200046,ITERATIVE ANALISIS PADA KEPUASAN PENGGUNA UNTUK WEBSITE CROWDFUNDING DONASI DI INDONESIA,Website Making,-,14/12/2022,Nasional non-sinta,Jurnal Nasional terakreditasi Kemenristekdikti peringkat 3 dan 4
705087901,Heru Wijayanto Aripradono,2200046,STUDI EKSPLORASI DAN ANALISIS PENGARUH VIDEO GAME PADA KUALITAS PERTEMANAN: STUDI KASUS IT TAKES TWO,Game Making,Ethics,16/12/2022,Nasional non-sinta,Jurnal Nasional terakreditasi Kemenristekdikti peringkat 3 dan 4
705087901,Heru Wijayanto Aripradono,2200046,Iterative Analysis on Social Media Content Effectiveness in Promoting Crowdfunding Brand: A Case Study of The Utopia,Marketing,Multimedia,16/12/2022,Nasional non-sinta,Jurnal Nasional terakreditasi Kemenristekdikti peringkat 3 dan 4
705087901,Heru Wijayanto Aripradono,2200046,Perancangan Marketplace Portal Sebagai Pendukung Startup Dengan Pendekatan Metode RAD dan BMC,Website Making,Startup,07/01/2023,Nasional non-sinta,Jurnal Nasional terakreditasi Kemenristekdikti peringkat 5 dan 6
705087901,Heru Wijayanto Aripradono,2200046,Perancangan Startup Prioneering Di Bidang Confectionary Vegan Menggunakan Metode Lean Canvas,Startup,Manajemen,03/12/2022,Nasional non-sinta,Jurnal Nasional terakreditasi Kemenristekdikti peringkat 5 dan 6
705087901,Heru Wijayanto Aripradono,2200046,STUDI EKSPLORASI DAN ANALISIS PENGARUH VIDEO GAME PADA KUALITAS PERTEMANAN: STUDI KASUS IT TAKES TWO,Game Making,Ethics,01/08/2023,Sinta,Jurnal Nasional Terakreditasi SINTA 3-6
705087901,Heru Wijayanto Aripradono,2200046,Usage of Gamification and Mobile Application to Reduce Food Loss and Waste: A Case Study of Indonesia,Mobile Development,Ethics,21/09/2023,Sinta,Jurnal Nasional Terakreditasi SINTA 3-6
705087901,Heru Wijayanto Aripradono,2200046,Analisa Extended Technology Acceptance Model Sebagai Penerimaan Penggunaan Platform Startup Education Technology,Startup,Manajemen,18/02/2023,Nasional non-sinta,Jurnal Nasional terakreditasi Kemenristekdikti peringkat 3 dan 4
1002028301,Syaeful Anas Aklani,3150017,Sistem Informasi Covid-19 Kota Batam dan Skrening Mandiri Menggunakan Metode Fordward Chaining,Website Making,Pemograman,12/08/2021,Sinta,Jurnal Nasional Terakreditasi SINTA 3-6
1002028301,Syaeful Anas Aklani,3150017,SISTEM INFORMASI GEOGRAFIS PETA PENYEBARAN COVID-19 DI KOTA BATAM,Website Making,Pemograman,11/01/2021,Sinta,Jurnal Nasional Terakreditasi SINTA 3-6
1002028301,Syaeful Anas Aklani,3150017,Analisa dan Perancangan Sistem Pendukung Keputusan dengan Metode Profile Matching dalam Menentukan Efektifitas Pekerjaan,Pemograman,Logical Thinking,03/12/2019,Nasional non-sinta,Jurnal Nasional
1002028301,Syaeful Anas Aklani,3150017,Implementasi dan Perancangan Perpustakaan Online (Digital Library) dengan SLIMS (Senayan Library System) Untuk Otomasi Pelanggan (Studi Kasus STKIP PGRI Sumbar),Website Making,Pemograman,20/12/2019,Nasional non-sinta,Jurnal Nasional
1002028301,Syaeful Anas Aklani,3150017,Metode Fuzzy Logic Untuk Evaluasi Kinerja Pelayanan Perawat (Studi Kasus: RSIA Siti Hawa Padang),Pemrograman,Manajemen,01/02/2018,Nasional non-sinta,Jurnal Nasional
1002028301,Syaeful Anas Aklani,3150017,Sistem Pengambilan Keputusan Untuk Menentukan Berapa Lama Masa Studi dan IPK Menggunakan Model Metode Fuzzy Tahani,Pemograman,Logical Thinking,01/01/2014,Nasional non-sinta,Jurnal Nasional
1002028301,Syaeful Anas Aklani,3150017,THE DECISION ANALYSIS AND DEVELOPMENT OF WEB-BASED OPERATION DASHBOARD PRODUCTION USING SCRUM FRAMEWORK,Website Making,Pemograman,18/04/2022,Sinta,Jurnal Nasional Terakreditasi SINTA 3-6
1002028301,Syaeful Anas Aklani,3150017,APLIKASI DONASI BERBASIS MOBILE MENGGUNAKAN METODE SCRUM,Mobile Development,Pemograman,30/05/2022,Sinta,Jurnal Nasional Terakreditasi SINTA 3-6
1002028301,Syaeful Anas Aklani,3150017,ANALISIS DAN PENGEMBANGAN APLIKASI MOBILE DIET ARTIFICIAL INTELLIGENCE DENGAN PENDEKATAN CHALLENGE BASED,Mobile Development,Machine Learning,30/04/2023,Sinta,Jurnal Nasional Terakreditasi SINTA 1-2
1002028301,Syaeful Anas Aklani,3150017,ANALISIS ALGORITMA MONTE CARLO UNTUK MEMPREDIKSI KEUNTUNGAN PEMBANGUNAN APARTEMEN MENGGUNAKAN SCRUM FRAMEWORK,Machine Learning,Pemrograman,0000-00-00,Nasional non-sinta,Jurnal Nasional terakreditasi Kemenristekdikti peringkat 5 dan 6
1002028301,Syaeful Anas Aklani,3150017,Perancangan dan Pengembangan Aplikasi Mobile Tes Buta Warna Menggunakan Metode Ishihara,Mobile Development,Pemrograman,31/12/2022,Nasional non-sinta,Jurnal Nasional terakreditasi Kemenristekdikti peringkat 5 dan 6
1002028301,Syaeful Anas Aklani,3150017,Perancangan Aplikasi Media Pembelajaran Kosakata Bahasa Mandarin untuk Anak Usia Dini,Mobile Development,-,11/01/2022,Nasional non-sinta,Jurnal Nasional terakreditasi Kemenristekdikti peringkat 5 dan 6
1002028301,Syaeful Anas Aklani,3150017, Mini Thesis Supervisor Recommender System Using Simple Additive Weighting Algorithm : A Case Study of Universitas Internasional Batam,Machine Learning,Pemrograman,02/11/2022,Nasional non-sinta,Jurnal Nasional terakreditasi Kemenristekdikti peringkat 3 dan 4
1004069501,Jimmy Pratama,7190034,Analysis of Factors Affecting Trust on the Use of  FinTech (Peer to Peer Lending) in Indonesia,Ethics,-,18/03/2021,Sinta,Jurnal Nasional Terakreditasi SINTA 3-6
1004069501,Jimmy Pratama,7190034,PERANCANGAN DAN IMPLEMENTASI ANIMATED STICKER SEBAGAI MEDIA EDUKASI MENGENAI COVID-19 DENGAN MENGGUNAKAN METODE MDLC,Animation,Multimedia,06/09/2021,Sinta,Jurnal Nasional Terakreditasi SINTA 3-6
1004069501,Jimmy Pratama,7190034,Analysis Of User Satisfaction on Batam Online Supermarket Application in Batam,Marketing,Mobile Development,30/04/2022,Sinta,Jurnal Nasional Terakreditasi SINTA 3-6
1004069501,Jimmy Pratama,7190034,Analisis Penggunaan Komik WEB Sebagai Media Berbagi Informasi,Design,-,14/06/2022,Nasional non-sinta,Jurnal Nasional terakreditasi Kemenristekdikti peringkat 3 dan 4
1004069501,Jimmy Pratama,7190034,Analisis Korelasi Desain Karakter Video Game dan Loyalitas Video Game Pada MMO Studi Multi-method,Game Making,Modelling,31/10/2022,Nasional non-sinta,Jurnal Nasional terakreditasi Kemenristekdikti peringkat 5 dan 6
1004069501,Jimmy Pratama,7190034,Studi Korelasi Penggunaan Video Game Dengan Kesehatan Player Saat Pandemi Di Kota Batam Dengan Pendekatan Multi-Metode,Game Making,Ethics,06/11/2022,Nasional non-sinta,Jurnal Nasional terakreditasi Kemenristekdikti peringkat 5 dan 6
1004069501,Jimmy Pratama,7190034,Analysis of The Effectiveness of Animation as A Promotional Media for Chinese Culture,Animation,Marketing,01/11/2022,Nasional non-sinta,Jurnal Nasional terakreditasi Kemenristekdikti peringkat 5 dan 6
1004069501,Jimmy Pratama,7190034,Analisis Keefektifan Vlog Sebagai Media Pembelajaran Self-Grooming Pada Generasi Z Di Kota Batam,Movie Making,-,24/01/2023,Nasional non-sinta,Jurnal Nasional terakreditasi Kemenristekdikti peringkat 3 dan 4
1004069501,Jimmy Pratama,7190034,Analisis Teknik Food Photography Sebagai Media Promosi Pada Masyarakat Kota Batam,Multimedia,Marketing,20/01/2023,Nasional non-sinta,Jurnal Nasional terakreditasi Kemenristekdikti peringkat 3 dan 4
1004069501,Jimmy Pratama,7190034,Perancangan Dan Analisis Video Dokumenter Produk Ekspor Turunan Kelapa Dengan Metode Mdlc,Movie Making,Multimedia,22/12/2022,Nasional non-sinta,Jurnal Nasional terakreditasi Kemenristekdikti peringkat 3 dan 4
1004069501,Jimmy Pratama,7190034,Perancangan dan Pengembangan Buku Foto Dokumentasi Budaya Non-Islam di Bumi Melayu Menggunakan Metode R&D,Design,Multimedia,11/12/2022,Nasional non-sinta,Jurnal Nasional terakreditasi Kemenristekdikti peringkat 5 dan 6
1004069501,Jimmy Pratama,7190034,Perancangan Dan Pengembangan Komik Web Mengenai Pendidikan Seks Untuk Remaja,Design,Ethics,07/08/2022,Nasional non-sinta,Jurnal Nasional terakreditasi Kemenristekdikti peringkat 3 dan 4
1004069501,Jimmy Pratama,7190034,Perancangan Photobook Utilisasi Short And Long Exposure untuk Mensimulasikan Gerakan pada Foto,Design,Multimedia,30/05/2022,Nasional non-sinta,Jurnal Nasional terakreditasi Kemenristekdikti peringkat 3 dan 4
1004069501,Jimmy Pratama,7190034,Perancangan Dan Pengembangan Video Latihan Listening Bahasa Inggris Dengan Menggunakan Teknik Voice Dubbing,Movie Making,Multimedia,19/04/2022,Nasional non-sinta,Jurnal Nasional terakreditasi Kemenristekdikti peringkat 5 dan 6
1004069501,Jimmy Pratama,7190034,Perancangan Video Tutorial Teknik Trickshot Bolabasket Berbasis Animasi 3D,Animation,Movie Making,30/03/2022,Nasional non-sinta,Jurnal Nasional terakreditasi Kemenristekdikti peringkat 3 dan 4
1004069501,Jimmy Pratama,7190034,Perancangan dan Penerapan Motion CapturePada Karakter 3D Dalam Video,Animation,-,04/03/2022,Nasional non-sinta,Jurnal Nasional terakreditasi Kemenristekdikti peringkat 5 dan 6
1004069501,Jimmy Pratama,7190034,Perancangan Video Animasi 2D Sejarah Kampung Vietnam Batam,Animation,-,01/03/2022,Nasional non-sinta,Jurnal Nasional terakreditasi Kemenristekdikti peringkat 5 dan 6
1004069501,Jimmy Pratama,7190034,Perancangan Video Pengenalan Objek Wisata Di Pulau Kalok Dengan Pendekatan Sinematik,"Movie Making,",Marketing,04/02/2022,Nasional non-sinta,Jurnal Nasional terakreditasi Kemenristekdikti peringkat 5 dan 6
1004069501,Jimmy Pratama,7190034,Analysis and Development of 3d Animation and It’s Usage as Environment in Horror Short Movie,Animation,-,21/01/2021,Nasional non-sinta,Jurnal Nasional terakreditasi Kemenristekdikti peringkat 3 dan 4
1006099701,Bayu Syahputra,1220002,Pengembangan Videografi Makanan di Pasar Malam Taiwan Berbasis Research and Development,Movie Making,-,14/10/2022,Nasional non-sinta,Jurnal Nasional terakreditasi Kemenristekdikti peringkat 3 dan 4
1008069601,Herman,7180066,Analisa dan  Perancangan Web E-Commerce Berbasis Website pada Toko Ida Shoes,Website Making,Manajemen,30/09/2022,Sinta,Jurnal Nasional Terakreditasi SINTA 3-6
1008069601,Herman,7180066,Perancangan dan Pengembangan Media Pembelajaran Berbasis Adobe Animation Pada Pembelajaran Sex Education Tentang Sexual Abuse Untuk Platform Android,Design,Mobile Development,20/01/2022,Nasional non-sinta,Jurnal Nasional
1008069601,Herman,7180066,Analisis Perbandingan Algoritma Untuk Prediksi Performa Akademik Mahasiswa Pada Pembelajaran Daring,Machine Learning,Pemograman,0000-00-00,Sinta,Jurnal Nasional Terakreditasi SINTA 3-6
1008069601,Herman,7180066,Analisis Rendering Performa Antara Server Side dan Client Side pada Web Application,Jaringan,Website Making,28/11/2022,Sinta,Jurnal Nasional Terakreditasi SINTA 3-6
1008069601,Herman,7180066,PROGRESSIVE WEB APPS : PENGEMBANGAN DAN STUDI  PENERIMAAN PADA MAHASISWA INDONESIA MENGGUNAKAN  SCRUM DAN UTAUT,Website Making,Logical Thinking,01/07/2023,Sinta,Jurnal Nasional Terakreditasi SINTA 3-6
1008069601,Herman,7180066,REKOMENDASI STAND DAN PENGEMBANGAN SISTEM PEMESANAN MENGGUNAKAN METODE SCRUM DAN ANALISIS EFEKTIVITASNYA TERHADAP MASYARAKAT: STUDI KASUS DI KOTA BATAM ,Mobile Development,Logical Thinking,31/07/2023,Sinta,Jurnal Nasional Terakreditasi SINTA 3-6
1009048303,Mangapul Siahaan,7190035,Perancangan Enterprise Architecture Sistem Informasi Menggunakan Framework TOGAF ADM 9.2 PT. XYZ,Pemograman,Manajemen,02/02/2018,Nasional non-sinta,Jurnal Nasional
1009048303,Mangapul Siahaan,7190035,An Analysis of Contract Employee Performance Assessment  Using Machine Learning ,Machine Learning,Manajemen,01/07/2021,Sinta,Jurnal Nasional Terakreditasi SINTA 3-6
1009048303,Mangapul Siahaan,7190035,Analisis Penerimaan Aplikasi Transportasi Online di Kepulauan Riau Menggunakan Metode Technology Acceptance Model ,Manajemen,Logical Thinking,29/06/2022,Sinta,Jurnal Nasional Terakreditasi SINTA 3-6
1009048303,Mangapul Siahaan,7190035,Data Mining Strategi Pembangunan Infrastruktur Menggunakan Algoritma K-Means,Machine Learning,Logical Thinking,02/08/2022,Nasional non-sinta,Jurnal Nasional terakreditasi Kemenristekdikti peringkat 3 dan 4
1009048303,Mangapul Siahaan,7190035,Prediksi Kelancaran Pembayaran Sewa Rusunawa Menggunakan Metode Naive Bayes Classifier,Machine Learning,Pemograman,30/12/2022,Nasional non-sinta,Jurnal Nasional
1009048303,Mangapul Siahaan,7190035,Digital Marketing Strategy on Fashion Industry among Z Generation in Batam City,Marketing,-,01/12/2022,Nasional non-sinta,Jurnal Nasional terakreditasi Kemenristekdikti peringkat 5 dan 6
1009048303,Mangapul Siahaan,7190035,Comparative Analysis Study of Front-End JavaScript Frameworks Performance Using Lighthouse Tool,Website Making,Pemograman,18/11/2022,Nasional non-sinta,Jurnal Nasional terakreditasi Kemenristekdikti peringkat 3 dan 4
1009048303,Mangapul Siahaan,7190035,PERANCANGAN KELANCARAN PEMBAYARAN SEWA RUSUNAWA DENGAN MENGGUNAKAN ALGORITMA BACKPROPAGATION DAN DECISION TREE,Machine Learning,Pemograman,30/07/2023,Sinta,Jurnal Nasional Terakreditasi SINTA 3-6
1009048303,Mangapul Siahaan,7190035,Analysis of Rebranding the X Application on User Loyalty in Batam City,Marketing,-,27/12/2023,Sinta,Jurnal Nasional Terakreditasi SINTA 3-6
1009048303,Mangapul Siahaan,7190035,Analisis Kesuksesan Aplikasi M-Paspor di Kota Batam dengan Menggunakan Model Delone dan Mclean,Mobile Development,Logical Thinking,30/12/2023,Sinta,Jurnal Nasional Terakreditasi SINTA 3-6
1010037002,Ni'matul Ma'muriyah,11090111,Desain dan Pembuatan Kontrol Kecepatan Kursi Roda dengan Menggunakan Metode PID,Hardware,Pemograman,20/12/2018,Nasional non-sinta,Jurnal Nasional
1010037002,Ni'matul Ma'muriyah,11090111,Design Prototype of Audio Guidance System for Blind By Using Raspberry Pi and Fuzzy Logic Controller,Hardware,Pemograman,22/10/2019,Nasional non-sinta,Jurnal Nasional
1010037002,Ni'matul Ma'muriyah,11090111,Perancangan dan Pembuatan Sistem Penghitung Otomatis dan Database Output PCB dari Mesin Surface Mount Technology (SMT) di PT. Sinar Indah,Hardware,Basis Data,22/06/2015,Nasional non-sinta,Jurnal Nasional terakreditasi Kemenristekdikti peringkat 3 dan 4
1010037002,Ni'matul Ma'muriyah,11090111,Test Kelvin untuk Pengetesan Socket Tester pada PT. Infineon Technologies Batam,Hardware,Logical Thinking,01/06/2018,Nasional non-sinta,Jurnal Nasional
1010037002,Ni'matul Ma'muriyah,11090111,The Implementation of Convolution Neural Network (CNN) Metode On  Automatic Lip Reading Aplication,"Machine Learning,",Pemrograman,01/10/2022,Sinta,Jurnal Nasional Terakreditasi SINTA 1-2
1010037002,Ni'matul Ma'muriyah,11090111,Audible Obstacle Warning System for Visually Impaired Person Based on Image Processing ,Machine Learning,Hardware,17/08/2023,Nasional non-sinta,Jurnal Nasional terakreditasi Kemenristekdikti peringkat 3 dan 4
1010038401,Yefta Christian,6180042,ANALYSIS STUDY TO DETECT STUDENT LEARNING PROBLEMS IN ONLINE LEARNING USING TEXT MINING,Machine Learning,Logical Thinking,31/03/2022,Scopus,Jurnal Internasional Terindeks Scopus Q4
1010038401,Yefta Christian,6180042,Application of K-Means Algorithm for Clustering the Quality of Lecturer Learning at Batam International University,Machine Learning,Logical Thinking,01/03/2017,Nasional non-sinta,Jurnal Nasional terakreditasi Kemenristekdikti peringkat 1 dan 2
1010038401,Yefta Christian,6180042,Comparison of Machine Learning Algorithms Using WEKA and Sci-Kit Learn in Classifying Online Shopper Intention,Machine Learning,Marketing,07/12/2017,Nasional non-sinta,Jurnal Nasional
1010038401,Yefta Christian,6180042,Web-Based Chatbot with Natural Language Processing and Knuth-Morris-Pratt (Case Study: Universitas Internasional Batam) ,Machine Learning,Website Making,04/03/2021,Nasional non-sinta,Jurnal Nasional terakreditasi Kemenristekdikti peringkat 3 dan 4
1010038401,Yefta Christian,6180042,Predicting consumer interest in all you can eat restaurants with gradient boosting algorithm,Machine Learning,Marketing,01/05/2019,Nasional non-sinta,Jurnal Nasional
1010038401,Yefta Christian,6180042,RANCANG BANGUN APLIKASI KURSUS ONLINE BERBASIS WEB DENGAN  SISTEM REKOMENDASI METODE CONTENT - BASED FILTERING,Website Making,Machine Learning,03/01/2022,Scopus,Jurnal Internasional Terindeks Scopus Q1-Q3
1010038401,Yefta Christian,6180042,ANALYSIS OF HANGMAN GAME IMPLEMENTATION FOR HSK TEST PARTICIPANTS USING FLUTTER,Game Making,Mobile Development,28/01/2022,Sinta,Jurnal Nasional Terakreditasi SINTA 3-6
1010038401,Yefta Christian,6180042,Pengembangan aplikasi web untuk mengklasifikasikan penyebaran informasi akun twitter palang merah indonesia,Mobile Development,Pemrograman,25/12/2022,Sinta,Jurnal Nasional Terakreditasi SINTA 1-2
1010038401,Yefta Christian,6180042,Perancangan Aplikasi Directory Berbasis Hybrid Dengan Metode Scrum (Case: Grand Batam Mall) ,Machine Learning,Mobile Development,16/08/2022,Sinta,Jurnal Nasional Terakreditasi SINTA 3-6
1010038401,Yefta Christian,6180042,Prediksi Kualitas Air Menggunakan Algoritma Naïve Bayes dan Random Forest,Machine Learning,-,15/11/2022,Sinta,Jurnal Nasional Terakreditasi SINTA 3-6
1010038401,Yefta Christian,6180042,Penerapan K-Means pada Segmentasi Pasar untuk Riset Pemasaran pada Startup Early Stage dengan Menggunakan CRISP-DM,Machine Learning,Startup,31/10/2022,Sinta,Jurnal Nasional Terakreditasi SINTA 3-6
1010038401,Yefta Christian,6180042,Analisa efisiensi pendekatan data-driven dalam proses segmentasi pasar dengan studi kasus startup,Machine Learning,Startup,14/07/2023,Sinta,Jurnal Nasional Terakreditasi SINTA 3-6
1010038401,Yefta Christian,6180042,Analisa Penerimaan Peserta Didik Terhadap Pemanfaatan Teknologi Informasi Dalam Pembelajaran Menggunakan TAM,Manajemen,Ethics,29/11/2022,Nasional non-sinta,Jurnal Nasional
1010038401,Yefta Christian,6180042,Development of Village Information System using Waterfall and TAM Method in XYZ Ward,Website Making,Pemrograman,23/06/2023,Nasional non-sinta,Jurnal Nasional terakreditasi Kemenristekdikti peringkat 5 dan 6
1010049501,Eryc,6200076,The Impact of Tik-Tok Use on Self-Expression by Generation-Z users,Marketing,Multimedia,30/11/2021,Sinta,Jurnal Nasional Terakreditasi SINTA 3-6
1010049501,Eryc,6200076,SYSTEMATIC LITERATURE REVIEW OF CRITICAL SUCCESS FACTORS IN ONLINE ADVERTISING,Marketing,Manajemen,30/11/2021,Sinta,Jurnal Nasional Terakreditasi SINTA 3-6
1010049501,Eryc,6200076,"Perancangan dan Implementasi Aplikasi Sistem Pendaftaran Sidang KP, Skripsi dan Tesis Online dengan Metode Scrum",Mobile Development,Pemograman,01/04/2022,International,Jurnal Ilmiah Internasional Terindeks
1010049501,Eryc,6200076,Pengaruh Dampak Digitalisasi dan Pemanfaatan Teknologi Informasi terhadap Kinerja UMKM,Marketing,Manajemen,06/03/2022,Sinta,Jurnal Nasional Terakreditasi SINTA 3-6
1010049501,Eryc,6200076,Pengaruh Penggunaan Aplikasi Gojek Terhadap Perilaku Mahasiswa Universitas,Marketing,Mobile Development,03/03/2022,Sinta,Jurnal Nasional Terakreditasi SINTA 3-6
1010049501,Eryc,6200076,Analisa Strategi Digitalisasi UMKM Food And Beverage Selama Pandemi Covid-19 di kota Batam,Marketing,Manajemen,20/01/2023,Sinta,Jurnal Nasional Terakreditasi SINTA 1-2
1010049501,Eryc,6200076,PENGARUH DIGITAL MARKETING TERHADAP MINAT BELI DAN KEPUTUSAN PEMBELIAN PROPERTI KOTA BATAM,Marketing,-,10/05/2023,Sinta,Jurnal Nasional Terakreditasi SINTA 3-6
1010049501,Eryc,6200076,Analisa Faktor yang Mempengaruhi Kepercayaan Perdagangan Sosial dan Prilaku Pembelian dalam E-Commerce,Marketing,Manajemen,31/12/2022,Sinta,Jurnal Nasional Terakreditasi SINTA 3-6
1010049501,Eryc,6200076,ADOPTION OF ECO-INNOVATION AND DIGITALIZATION INFLUENCE ON THE BUSINESS PERFORMANCE OF UMKM IN BATAM CITY,Marketing,Manajemen,30/03/2023,Sinta,Jurnal Nasional Terakreditasi SINTA 3-6
1010049501,Eryc,6200076,Analisa Peran Social Media Dalam MengembangkanAltruisme Netizen Instagram Indonesia ,Marketing,Multimedia,01/11/2018,Nasional non-sinta,Jurnal Nasional terakreditasi Kemenristekdikti peringkat 3 dan 4
1010049501,Eryc,6200076,THE IMPACT OF EDUCATIONAL CONTENT TOWARD AUDIENCE PERCEPTIONS ON INSTAGRAM (Case Study @naturelovingeduhub),Marketing,Multimedia,23/03/2022,Nasional non-sinta,Jurnal Nasional terakreditasi Kemenristekdikti peringkat 3 dan 4
1010049501,Eryc,6200076,"Studi Prospektif Metaverse dan NFT bagi Pengguna NFT, Komunitas Game dan Trader Crypto Currency",Multimedia,-,29/08/2023,Sinta,Jurnal Nasional Terakreditasi SINTA 3-6
1012089201,Muhammad Ardiansyah,9180074,Analisis Peran Konten Instagram Universitas dan Loyalitas Mahasiswa terhadap Peningkatan Reputasi Universitas Kota Batam,Marketing,Multimedia,21/06/2021,Sinta,Jurnal Nasional Terakreditasi SINTA 3-6
1012089201,Muhammad Ardiansyah,9180074,Analisis dan Perancangan Sistem Informasi Point of Sales Berbasis CRM,Basis Data,Pemograman,30/11/2020,Scopus,Jurnal Internasional Terindeks Scopus Q4
1012089201,Muhammad Ardiansyah,9180074,ANALYSIS ROLE OF DIGITAL MARKETING AND SELF IMAGE IMPROVING STUDENT SELF PRESENTATION IN BATAM USING INSTAGRAM,Marketing,Logical Thinking,06/07/2020,Nasional non-sinta,Jurnal Nasional
1012089201,Muhammad Ardiansyah,9180074,ANALISIS PENGARUH MUSIK GAME TERHADAP PENGALAMAN BERMAIN GAME GENSHIN IMPACT,Game Making,Multimedia,02/10/2022,Nasional non-sinta,Jurnal Nasional terakreditasi Kemenristekdikti peringkat 3 dan 4
1012089201,Muhammad Ardiansyah,9180074,PERANCANGAN DAN PENGEMBANGAN PHOTOBOOK COFFEE SHOP SEBAGAI PENGENALAN FRACTAL PHOTOGRAPHY KOTA BATAM,Design,Multimedia,23/12/2022,Nasional non-sinta,Jurnal Nasional terakreditasi Kemenristekdikti peringkat 5 dan 6
1014118601,Tony Wibowo,1170002,Studi Faktor Pendukung Popularitas Multiplayer Online Battle Arena dengan Pendekatan Kuantitatif,Game Making,Marketing,29/06/2021,Sinta,Jurnal Nasional Terakreditasi SINTA 3-6
1014118601,Tony Wibowo,1170002,Usage Of Meme As Information Sharing Media,Marketing,Multimedia,02/12/2020,Sinta,Jurnal Nasional Terakreditasi SINTA 3-6
1014118601,Tony Wibowo,1170002,Penggunaan Naratif Dalam Video Game Sebagai Media Edukasi Isu Dunia: Studi Kasus Detroit Become Human,Game Making,Design,10/12/2020,Sinta,Jurnal Nasional Terakreditasi SINTA 3-6
1014118601,Tony Wibowo,1170002,Studi Video Game Sebagai Media Informasi Interaktif Terhadap Kesadaran Terhadap Penyakit Mental Studi kasus Heavy Rain,Game Making,Multimedia,16/11/2020,Nasional non-sinta,Jurnal Nasional
1014118601,Tony Wibowo,1170002,Music Effect Studies in The Experience of Playing Video Games with Qualitative and Quantitative Approaches,Game Making,Logical Thinking,15/02/2019,Nasional non-sinta,Jurnal Nasional terakreditasi Kemenristekdikti peringkat 3 dan 4
1014118601,Tony Wibowo,1170002,Study of Photography Result Using Blind Test Method,Multimedia,Design,03/04/2018,Nasional non-sinta,Jurnal Nasional
1014118601,Tony Wibowo,1170002,Study of User Acceptance and Satisfaction of a Mandatory Government-Regulated Information System,Multimedia,Design,03/12/2019,Nasional non-sinta,Jurnal Nasional
1014118601,Tony Wibowo,1170002,Perancangan dan Pengembangan Avatar Character 2D Menggunakan Metode PDDIE,Design,Game Making,01/08/2021,Sinta,Jurnal Nasional Terakreditasi SINTA 3-6
1014118601,Tony Wibowo,1170002,Studi Penerapan Media Sosial Sebagai Media Pembelajaran Yang Potensial dan Efektif: Studi Kasus Instagram @theenglishnut,Design,Multimedia,10/07/2021,Sinta,Jurnal Nasional Terakreditasi SINTA 3-6
1014118601,Tony Wibowo,1170002,Pengembangan Line Sticker Sebagai Pemasaran Video Game Pada Leturn: Defense Of Magic Menggunakan Metode R & D,Game Making,Marketing,27/12/2021,Sinta,Jurnal Nasional Terakreditasi SINTA 1-2
1014118601,Tony Wibowo,1170002,An RPG Game Design for English Learning using ADDIE Methods,Game Making,Design,30/09/2022,Sinta,Jurnal Nasional Terakreditasi SINTA 3-6
1014118601,Tony Wibowo,1170002,Analisis Persepsi Penonton Terhadap Modern Dance Sebagai Media Promosi Digital di Kalangan Umat Buddha,Marketing,-,31/10/2022,Sinta,Jurnal Nasional Terakreditasi SINTA 3-6
1014118601,Tony Wibowo,1170002,IT Curriculum for Boot Camp: An Iterative Development In Applying OBE In Computer Science Education for Non-Formal Institution,Manajemen,Logical Thinking,15/02/2023,Sinta,Jurnal Nasional Terakreditasi SINTA 3-6
1014118601,Tony Wibowo,1170002,Analisis Komparatif antara Artificial Intelligence dan Manusia pada Digital Marketing: Studi Kasus Instagram dan Produk Pelangsing di Kota Batam,Machine Learning,Marketing,26/12/2022,Nasional non-sinta,Jurnal Nasional terakreditasi Kemenristekdikti peringkat 5 dan 6
1014118601,Tony Wibowo,1170002,"Video game and Catholic faith: Qualitative study on ‘That Dragon, Cancer’ among acolyte in Batam City",Game Making,-,31/12/2022,Nasional non-sinta,Jurnal Nasional terakreditasi Kemenristekdikti peringkat 5 dan 6
1014118601,Tony Wibowo,1170002,Analisis Komparatif antara Artificial Intelligence dan Manusia pada Digital Marketing: Studi Kasus Instagram dan Produk Pelangsing di Kota Batam,Game Making,Ethics,26/03/2023,Nasional non-sinta,Jurnal Nasional terakreditasi Kemenristekdikti peringkat 3 dan 4
1014118601,Tony Wibowo,1170002,"Video game and Catholic faith: Qualitative study on ‘That Dragon, Cancer’ among acolyte in Batam City",Game Making,-,31/12/2022,Nasional non-sinta,Jurnal Nasional terakreditasi Kemenristekdikti peringkat 5 dan 6
1014118601,Tony Wibowo,1170002,EXPLORATORY STUDY OF HOW GACHA SYSTEM IN MOBILE VIDEO GAME AFFECT PLAYER’S ENJOYMENT: A CASE STUDY OF INDONESIA,Game Making,Ethics,31/01/2023,Nasional non-sinta,Jurnal Nasional terakreditasi Kemenristekdikti peringkat 5 dan 6
1014118601,Tony Wibowo,1170002,Qualitative Analysis Study Of User Perception On E-Marketplace Gamification Effectiveness Among Indonesian: Case Study Of Batam City,Game Making,Marketing,20/08/2023,Sinta,Jurnal Nasional Terakreditasi SINTA 3-6
1014118601,Tony Wibowo,1170002,Video Game Success Using D&M among Batam Consumers,Game Making,Marketing,30/06/2023,Nasional non-sinta,Jurnal Nasional
1014118601,Tony Wibowo,1170002,UJI KEEFEKTIFAN AIM LAB TERHADAP AKURASI GAME FPS DIANTARA PEMAIN VALORANT DI KOTA BATAM,Game Making,Logical Thinking,15/09/2023,Nasional non-sinta,Jurnal Nasional terakreditasi Kemenristekdikti peringkat 3 dan 4
1015097202,Surya Tjahyadi,5170046,Perancangan Video Tutorial Gerakan 3D Teknik Taekwondo,Multimedia,Design,21/07/2022,Nasional non-sinta,Jurnal Nasional terakreditasi Kemenristekdikti peringkat 3 dan 4
1015097202,Surya Tjahyadi,5170046,Animasi 2D Penjelasan dan Penanganan Virus & Bakteri Menggunakan Animate CC Dengan Teknik Motion Tween Berbasis Multimedia,Animation,Multimedia,20/12/2022,Nasional non-sinta,Jurnal Nasional terakreditasi Kemenristekdikti peringkat 3 dan 4
1015097202,Surya Tjahyadi,5170046,Development Of QR Code-Based Data Sharing Web Application Using System Development Life Cycle Method,Website Making,Manajemen,15/03/2022,Nasional non-sinta,Jurnal Nasional
1015097202,Surya Tjahyadi,5170046,Penerapan Teknologi AI Guna Pembangunan Tempat Pembuangan Sampah Sesuai Jenisnya,Machine Learning,Manajemen,01/04/2023,Nasional non-sinta,Jurnal Nasional terakreditasi Kemenristekdikti peringkat 5 dan 6
1015097202,Surya Tjahyadi,5170046,EXPLORATORY ANALYSIS DESIGN AND DEVELOPMENT OF FANTASTIC FIGHTING SCENE FOR PROMOTING INDONESIAN MARTIAL ARTS,Multimedia,Design,27/07/2023,Nasional non-sinta,Jurnal Nasional
1015097202,Surya Tjahyadi,5170046,Analisa Pengaruh Desain Grafis pada Konten Media Sosial terhadap Daya Tarik Pengguna dari Generasi Z di Kota Batam,Design,Marketing,23/02/2023,Nasional non-sinta,Jurnal Nasional terakreditasi Kemenristekdikti peringkat 5 dan 6
1015097202,Surya Tjahyadi,5170046,Media Pembelajaran: Produktif Boga,Multimedia,Design,16/02/2023,Nasional non-sinta,Jurnal Nasional terakreditasi Kemenristekdikti peringkat 5 dan 6
1016039501,Muhamad Dody Firmansyah,9200093, Analisis Tingkat Kapabilitas Knowledge Management System Information Menggunakan Model Framework Cobit 5 studi kasus ( Hotel  XYZ ).,Manajemen,Jaringan,01/01/2022,Sinta,Jurnal Nasional Terakreditasi SINTA 3-6
1016039501,Muhamad Dody Firmansyah,9200093,Analisa Keamanan Web Server Terhadap Serangan Distributed Denial of Service Menggunakan Modevasive,Jaringan,Hardware,07/12/2021,Scopus,Jurnal Internasional Terindeks Scopus Q1-Q3
1016039501,Muhamad Dody Firmansyah,9200093,Analisis Faktor Pengaruh Terhadap Kepuasan Penggunaan Jasa Logistik Online: Studi Kasus Maxim di Kota Batam,Manajemen,Marketing,20/03/2023,Sinta,Jurnal Nasional Terakreditasi SINTA 3-6
1016039501,Muhamad Dody Firmansyah,9200093,Analisis Keberhasilan Sistem E-Retailer Pada Komunitas di Kota Batam (Studi Kasus pada Matahari.com).,Manajemen,Marketing,11/10/2021,International,Jurnal Internasional terindeks pada basis data internasional
1016039501,Muhamad Dody Firmansyah,9200093,Analisis dan Pengembangan Tempat  Sampah Cerdas dengan Pendekatan ADDIE,Design,Manajemen,28/08/2023,Sinta,Jurnal Nasional Terakreditasi SINTA 3-6
1016039501,Muhamad Dody Firmansyah,9200093,Sexual Harasment and Gender Equality Digital Campaign: Exploratory Analysis and Website Development,Website Making,Ethics,13/04/2023,Nasional non-sinta,Jurnal Nasional
1016039501,Muhamad Dody Firmansyah,9200093,Media Pembelajaran Interaktif Terhadap Keluarga Harmonis Dengan Menggunakan Model Pengembangan Four-D,Multimedia,Design,06/11/2023,Nasional non-sinta,Jurnal Nasional terakreditasi Kemenristekdikti peringkat 3 dan 4
1020049201,Deli,5120028,Analisis User Interface Pada Media Pembelajaran  Bahasa Inggris Berbasis Game Visual Novel ,Design,Game Making,07/02/2021,Sinta,Jurnal Nasional Terakreditasi SINTA 3-6
1020049201,Deli,5120028,Perancangan Video Testimoni Miracle Male Aesthetic Treatment ,Movie Making,Design,18/10/2021,Sinta,Jurnal Nasional Terakreditasi SINTA 3-6
1020049201,Deli,5120028,Perancangan Strategi Kreatif Rebranding Program Sarjana Sistem Informasi dengan Menggunakan Metode ADDIE,Manajemen,-,30/08/2021,Sinta,Jurnal Nasional Terakreditasi SINTA 3-6
1020049201,Deli,5120028,ANALISIS KEEFEKTIFAN BUKU FOTO SEBAGAI MEDIA INFORMASI MINUMAN HERBAL UNTUK GENERASI Z DI KOTA BATAM,Design,Marketing,30/11/2022,Nasional non-sinta,Jurnal Nasional
1020049201,Deli,5120028,ANALISIS KEEFEKTIFAN BUKU FOTO SEBAGAI MEDIA INFORMASI MINUMAN HERBAL UNTUK GENERASI Z DI KOTA BATAM,Design,Marketing,29/12/2022,Nasional non-sinta,Jurnal Nasional terakreditasi Kemenristekdikti peringkat 3 dan 4
1020049201,Deli,5120028,  IMPLEMENTATION AND ANALYSIS ON COLOR THEORY USAGE IN WEBSITE USER INTERFACE TO DEVELOP BRAND IMAGE,Design,Website Making,29/12/2022,Nasional non-sinta,Jurnal Nasional terakreditasi Kemenristekdikti peringkat 3 dan 4
1020049201,Deli,5120028,ANALISIS KUALITAS IKLAN VIDEO DAN EFEKTIFITASNYA SEBAGAI MATERI PEMASARAN PADA PEREMPUAN DI KOTA BATAM: STUDI KASUS PERHIASAN,Marketing,Movie Making,28/12/2022,Nasional non-sinta,Jurnal Nasional terakreditasi Kemenristekdikti peringkat 5 dan 6
1020049201,Deli,5120028,ANALISIS KUALITAS IKLAN VIDEO DAN EFEKTIFITASNYA SEBAGAI MATERI PEMASARAN PADA PEREMPUAN DI KOTA BATAM: STUDI KASUS PERHIASAN,Marketing,Movie Making,22/12/2022,Nasional non-sinta,Jurnal Nasional terakreditasi Kemenristekdikti peringkat 5 dan 6
1020049201,Deli,5120028,Analisis Perancangan Webtoon Sebagai Media Promosi Kuliner Seafood Khas Batam Menggunakan Metode Design Thinking,Design,Marketing,31/01/2023,Nasional non-sinta,Jurnal Nasional terakreditasi Kemenristekdikti peringkat 5 dan 6
1020057203,Hendi Sama,9150065,ANALISIS SISTEM MANAJEMEN PERSEDIAAN DENGAN MENGGUNAKAN SISTEM MICROSOFT BUSINESS SOLUTIONS NAVISION DAN TEKNOLOGI INFORMASI,Manajemen,-,10/11/2018,Nasional non-sinta,Jurnal Nasional
1020057203,Hendi Sama,9150065,Kompetensi Karyawan Dan Efektivitas Penggunaan Video Conference Berbasis Skype Terhadap Efisiensi Waktu Perekrutan Karyawan,Manajemen,Etika,30/04/2020,Nasional non-sinta,Jurnal Nasional
1020057203,Hendi Sama,9150065,Pengaruh Sistem Informasi Dan Kompetensi Karyawan Terhadap Efektivitas Kerja Karyawan Warehouse,Manajemen,-,01/01/2019,Nasional non-sinta,Jurnal Nasional terakreditasi Kemenristekdikti peringkat 3 dan 4
1020057203,Hendi Sama,9150065,"PENGARUH WEBSITE, KUALITAS LAYANAN DAN KOMPETENSI PEGAWAI TERHADAP KEPUASAN PENGUNJUNG PADA PERPUSTAKAAN UMUM DAN ARSIP KOTA BATAM",Manajemen,-,01/08/2011,Nasional non-sinta,Jurnal Nasional
1020057203,Hendi Sama,9150065,PERANAN TEKNOLOGI INFORMASI DAN KOMPUTER BERBASIS WEB PADA PENINGKATAN KEMAMPUAN BELAJAR SISWA SMK NEGERI DI BATAM,Manajemen,Website making,04/08/2017,Nasional non-sinta,Jurnal Nasional
1020057203,Hendi Sama,9150065,School Operational Effectiveness Analysis Web Based Event System with Dynamic Systems Development,Manajemen,Logical Thinking,10/07/2020,International,Jurnal Internasional terindeks pada basis data internasional
1020057203,Hendi Sama,9150065,The Influence Of Marketing Mix On Student Trust and Its Impact on Competitive Advantage Of Private Higher Education Institution,Marketing,Manajemen,01/07/2019,Nasional non-sinta,Jurnal Nasional terakreditasi Kemenristekdikti peringkat 3 dan 4
1020057203,Hendi Sama,9150065,Comparative Audit of Batam City Information System and COVID-19 National Website,Manajemen,Logical Thinking,15/01/2022,Sinta,Jurnal Nasional Terakreditasi SINTA 1-2
1020057203,Hendi Sama,9150065,Design and Development of Documentary Video in Batam as Dark Tourism Promotion Media,Video Making,Multimedia,26/12/2022,Nasional non-sinta,Jurnal Nasional terakreditasi Kemenristekdikti peringkat 5 dan 6
1020057203,Hendi Sama,9150065,PENILAIAN TINGKAT LITERASI DARI PERSPEKTIF WEBTOON DI KALANGAN PEREMPUAN MUDA: STUDI BANDING ANTARA PENULIS LOKAL DAN INTERNASIONAL,Logical Thinking,Manajemen,11/07/2023,Sinta,Jurnal Nasional Terakreditasi SINTA 3-6
1020057203,Hendi Sama,9150065,Crawling And Indexing Analysis System Based On Breadth First Search For Comparison Of Goods Value,Manajemen,Basis Data,01/06/2023,Nasional non-sinta,Jurnal Nasional terakreditasi Dikti
1020057203,Hendi Sama,9150065,Simulation of Solar Panel Maximum Power Point Tracking Using the Fuzzy Logic Control Method,Manajemen,Logical Thinking,01/06/2023,Nasional non-sinta,Jurnal Nasional terakreditasi Kemenristekdikti peringkat 5 dan 6
1020057203,Hendi Sama,9150065,Dampak Positif dan Negatif Etika Informasi dalam Media Sosial: Sebuah Penelitian Kualitatif dengan Metode Studi Literatur,Ethics,Manajemen,01/06/2023,Nasional non-sinta,Jurnal Nasional terakreditasi Kemenristekdikti peringkat 3 dan 4
1023019301,Diny Anggriani Adnas,11200122,Perancangan dan Pengembangan Jalur Pembelajaran pada E-Learning Menggunakan Micro-Learning,Multimedia,-,25/07/2022,Nasional non-sinta,Jurnal Nasional terakreditasi Kemenristekdikti peringkat 5 dan 6
1023019301,Diny Anggriani Adnas,11200122,Analisa dan Pengembangan Visual Branding dengan Pendekatan R&D : Studi Kasus Barbershop,Design,Marketing,18/03/2023,Sinta,Jurnal Nasional Terakreditasi SINTA 3-6
1023019301,Diny Anggriani Adnas,11200122,Perancangan dan Pengembangan Video Game sebagai Media Terapi Depresi,Game Making,Ethics,01/01/2023,Nasional non-sinta,Jurnal Nasional terakreditasi Dikti
1023019301,Diny Anggriani Adnas,11200122,Exploratory Analysis of Customer Perception on Gadget Goods Digital Marketing using Instagram and Online Marketplace,Marketing,-,27/03/2022,Nasional non-sinta,Jurnal Nasional terakreditasi Dikti
1023019301,Diny Anggriani Adnas,11200122,Analisis Efektivitas Animasi 2D terhadap Peran Orang Tua dalam Perilaku Gaming Anak,Animation,Multimedia,30/11/2022,Nasional non-sinta,Jurnal Nasional terakreditasi Dikti
1023019301,Diny Anggriani Adnas,11200122,Perancangan dan Pengembangan Company Profıle Berbasıs Web Pada Toko Byzen,Website Making,Pemograman,11/11/2022,Nasional non-sinta,Jurnal Nasional terakreditasi Kemenristekdikti peringkat 3 dan 4
1023019301,Diny Anggriani Adnas,11200122,Perancangan Game Visual Novel Untuk Anak SD Sebagai Media Pembelajaran Bahasa Inggris,Game Making,Multimedia,16/09/2021,Nasional non-sinta,Jurnal Nasional terakreditasi Dikti
1023019301,Diny Anggriani Adnas,11200122,Perancangan Media Pembelajaran Rukun Islam Dalam Bentuk Komik Digital,Multimedia,Design,08/12/2021,Nasional non-sinta,Jurnal Nasional terakreditasi Dikti
1023019301,Diny Anggriani Adnas,11200122,HEALTHY LIFESTYLES ILLUSTRATION THROUGH DIGITAL BOOK TO PREVENT CARDIOVASCULAR DISEASES,Multimedia,Design,04/04/2022,Nasional non-sinta,Jurnal Nasional terakreditasi Dikti
1023019301,Diny Anggriani Adnas,11200122,DESIGN AND DEVELOPMENT MOBILE APPLICATION OF BUDDHISM E-PARITTA USING FLUTTER FRAMEWORK AND SDLC METHOD,Mobile Development,Design,31/12/2022,Nasional non-sinta,Jurnal Nasional terakreditasi Kemenristekdikti peringkat 5 dan 6
1023019301,Diny Anggriani Adnas,11200122,DESIGN AND DEVELOPMENT 2D GAME “PERANG GERILYA JENDERAL SUDIRMAN” USING GAME DEVELOPMENT LIFE CYCLE METHOD,Game Making,Design,13/04/2022,Nasional non-sinta,Jurnal Nasional terakreditasi Dikti
1023019301,Diny Anggriani Adnas,11200122,2D VIDEO GAME DESIGN AND DEVELOPMENT USING FINITE STATE MACHINE METHOD,Game Making,Design,13/04/2022,Nasional non-sinta,Jurnal Nasional terakreditasi Dikti
1023019301,Diny Anggriani Adnas,11200122,Perancangan dan Implementasi Video Media Pembelajaran Produk Kreatif Dan Kewirausahaan di SMKN 2 Batam Menggunakan MDLC,Movie Making,Multimedia,14/04/2022,Nasional non-sinta,Jurnal Nasional terakreditasi Dikti
1023019301,Diny Anggriani Adnas,11200122,Perancangan Dan Implementasi Media Pembelajaran Di Smks Maitreyawira Batam Menggunakan Metode Mdlc,Multimedia,Design,12/09/2022,Nasional non-sinta,Jurnal Nasional terakreditasi Dikti
1023019301,Diny Anggriani Adnas,11200122,Perancangan Dan Implementasi Video Pembelajaran Ekonomi Di Sma Kartini Batam Menggunakan Framework Scrum,Movie Making,Design,07/02/2023,Nasional non-sinta,Jurnal Nasional
1023019301,Diny Anggriani Adnas,11200122,Analysis of the Use of Color LUTs in Project Video Announcements,Design,Multimedia,14/06/2022,Nasional non-sinta,Jurnal Nasional terakreditasi Kemenristekdikti peringkat 3 dan 4
1023019301,Diny Anggriani Adnas,11200122,Perancangan Dan Implementası Iklan Vıdeo IG TV Pada Outfıt Batam Store,Multimedia,Marketing,21/11/2022,Nasional non-sinta,Jurnal Nasional terakreditasi Dikti
1023019301,Diny Anggriani Adnas,11200122,Perancangan dan Pengembangan Buku Cerita Ilustrasi tentang Kisah Nabi Muhammad Saw: “Keistimewaan Kucing” dengan Teknik Digital Imaging,Multimedia,Design,11/06/2021,Nasional non-sinta,Jurnal Nasional terakreditasi Kemenristekdikti peringkat 3 dan 4
1023019301,Diny Anggriani Adnas,11200122,Perancangan & Pengembangan Sistem Manajemen Akuntansi Berbasis Web pada UMKM Chibi Chef Batam,Website Making,-,31/03/2022,Nasional non-sinta,Jurnal Nasional terakreditasi Dikti
1023078101,Andik Yulianto,9060089,Implementasi Metode Hybrid PID-Fuzzy Control untuk Kontrol Hovering pada Pesawat UAV Quadcopter,Hardware,-,01/12/2014,Nasional non-sinta,Jurnal Nasional
1023078101,Andik Yulianto,9060089,Penerapan Behavior-Based Control dan Fuzzy Logic Controller pada Sistem Navigasi Robot Soccer,Hardware,-,23/05/2019,Nasional non-sinta,Jurnal Nasional
1023078101,Andik Yulianto,9060089,Pengembangan Robot Jelajah Bawah Air Untuk Observasi Terumbu Karang,Hardware,-,01/06/2018,Nasional non-sinta,Jurnal Nasional terakreditasi Kemenristekdikti peringkat 3 dan 4
1023078101,Andik Yulianto,9060089,Perancangan Dan Pembuatan USB Acquisition Data Board Berbasis PIC 16F877A,Hardware,-,01/12/2015,Nasional non-sinta,Jurnal Nasional
1023078101,Andik Yulianto,9060089,Perancangan Prototype Robot Observasi Bawah Air dan Kontrol Hovering Menggunakan Metode PID Control,Hardware,-,29/01/2018,Nasional non-sinta,Jurnal Nasional
1023078101,Andik Yulianto,9060089,PID Control Design for Biofuel Furnace using Arduino,Hardware,-,01/01/2012,Nasional non-sinta,Jurnal Nasional terakreditasi Kemenristekdikti peringkat 3 dan 4
1023078101,Andik Yulianto,9060089,Sistem Notifikasi Kedatangan Bus Berbasis IoT,Hardware,-,26/11/2022,Sinta,Jurnal Nasional Terakreditasi SINTA 3-6
1025058702,Indasari Deu,5170078,Business Model Innovation and Startup Sustainability: Literature Review,Startup,Manajemen,27/03/2022,Nasional non-sinta,Jurnal Nasional terakreditasi Kemenristekdikti peringkat 5 dan 6
1025058702,Indasari Deu,5170078,Business Model Innovation and Startup Sustainability: Literature Review,Startup,Manajemen,30/11/2022,Nasional non-sinta,Jurnal Nasional
1026077601,Zulkarnain,3070027,ANALISA STABILITAS MES SERVER UNTUK MENDUKUNG KEGIATAN PRODUKSI,Jaringan,Hardware,24/03/2021,Sinta,Jurnal Nasional Terakreditasi SINTA 3-6
1026077601,Zulkarnain,3070027,Analisa Stabilitas Mes Server Untuk Mendukung Kegiatan Produksi,Jaringan,Hardware,31/12/2021,Sinta,Jurnal Nasional Terakreditasi SINTA 3-6
1026077601,Zulkarnain,3070027,Analisa Penerapan Pelayanan Operasional IT Pada Industri Elektronika Di Batam Dengan Konsep ITIL V3,Jaringan,Manajemen,01/08/2021,Sinta,Jurnal Nasional Terakreditasi SINTA 3-6
1026077601,Zulkarnain,3070027,Analisa Penerapan Disaster Recovery Plan ,Jaringan,Manajemen,31/07/2023,Nasional non-sinta,Jurnal Nasional terakreditasi Kemenristekdikti peringkat 1 dan 2
1026099501,Tony Tan,8180072,MobileNetV3-based Handwritten Chinese Recognition Towards the Effectiveness of Learning Hanzi,Machine Learning,Bahasa,05/12/2023,Sinta,Jurnal Nasional Terakreditasi SINTA 3-6
1028057601,Suwarno,8040139,Application of the UTAUT Model for Acceptance Analysis of COBIT Implementation in E-Learning Management with Microsoft Teams on Distance Learning in Batam City,Manajemen,Jaringan,01/04/2022,Sinta,Jurnal Nasional Terakreditasi SINTA 1-2
1028057601,Suwarno,8040139,Analisa Pengaruh Pemilihan Teknologi Terhadap Strategi Kompetitif pada Sejumlah Perusahaan Industri Komponen Elektronika di Batam,Manajemen,Marketing,29/01/2018,Nasional non-sinta,Jurnal Nasional
1028057601,Suwarno,8040139,Analisis Pengaruh Blended Learning dan Sertifikasi terhadap Kompetensi Mahasiswa,Manajemen,Logical Thinking,01/12/2013,Nasional non-sinta,Jurnal Nasional
1028057601,Suwarno,8040139,Analysis of Face Recognition Algorithm: Dlib and OpenCV,Machine Learning,Pemograman,02/08/2017,Nasional non-sinta,Jurnal Nasional
1028057601,Suwarno,8040139,Face Recognition System to RPA Software Design and Implementation,Machine Learning,Pemograman,08/05/2014,International,Jurnal Internasional terindeks pada basis data internasional
1028057601,Suwarno,8040139,Perancangan Sistem Penjadwalan Ujian pada Suatu Fakultas dengan Beberapa Jurusan dengan Menggunakan Algoritma Genetika,Pemograman,Website Making,22/06/2015,Nasional non-sinta,Jurnal Nasional terakreditasi Kemenristekdikti peringkat 3 dan 4
1028057601,Suwarno,8040139,Implementation of Automation System to Control Machine Voltage of Electroplating Process,Pemograman,-,15/03/2022,Scopus,Jurnal Internasional Terindeks Scopus Q1-Q3
1028057601,Suwarno,8040139,Sistem Pendukung Keputusan Penentuan Penilaian Siswa dengan Metode SAW (Simple Additive Weighting),Pemograman,Basis Data,03/02/2021,Sinta,Jurnal Nasional Terakreditasi SINTA 3-6
1028057601,Suwarno,8040139,"Analisis Perbandingan SVM, XGBoost dan Neural Network pada Klasifikasi Ujaran Kebencian",Machine Learning,Pemograman,30/06/2020,Nasional non-sinta,Jurnal Nasional
1028057601,Suwarno,8040139,Penerapan Regresi Linear Berganda pada Rancang Bangun Sistem Manajemen Proyek Pengembangan Aplikasi dengan Metode Scrum,Machine Learning,Logical Thinking,20/02/2022,Sinta,Jurnal Nasional Terakreditasi SINTA 3-6
1028057601,Suwarno,8040139,Implementasi Bug Tracking System dengan Metodologi Scrum dan Algoritma Cosine Similarity,Pemograman,Logical Thinking,01/06/2022,Sinta,Jurnal Nasional Terakreditasi SINTA 3-6
1028057601,Suwarno,8040139,Rancang Bangun Aplikasi Rekomendasi Restoran Menggunakan Metode K-Nearest Neighbors dan Content-Based Filtering,Machine Learning,Pemograman,25/02/2022,Nasional non-sinta,Jurnal Nasional terakreditasi Kemenristekdikti peringkat 3 dan 4
1028057601,Suwarno,8040139,Perancangan dan Pengembangan Aplikasi Pendukung Proses Manufaktur dalam Penyusunan Palet Menggunakan Metodologi Prototyping,Mobile Development,Manajemen,0000-00-00,Nasional non-sinta,Jurnal Nasional terakreditasi Kemenristekdikti peringkat 5 dan 6
1028057601,Suwarno,8040139,Rancang Bangun Aplikasi Latihan Fisik untuk Pemain Basket,Design,Mobile Development,28/03/2022,Nasional non-sinta,Jurnal Nasional terakreditasi Kemenristekdikti peringkat 5 dan 6
1028057601,Suwarno,8040139,Perancangan dan Pengembangan Aplikasi Web Order Scheduling pada Perusahaan Manufaktur dengan Penerapan Algoritma Genetika,Website Making,Manajemen,28/03/2022,Nasional non-sinta,Jurnal Nasional terakreditasi Kemenristekdikti peringkat 5 dan 6
1028057601,Suwarno,8040139,Digital Marketing Strategy on a Café During the Recovery from the Covid-19 Pandemic,Marketing,Manajemen,0000-00-00,Nasional non-sinta,Jurnal Nasional terakreditasi Kemenristekdikti peringkat 3 dan 4
1028057601,Suwarno,8040139,"Design, Development And Usability Analysis of Pre-Loved Goods Trading Application With Agile Approach",Mobile Development,Logical Thinking,18/11/2022,Nasional non-sinta,Jurnal Nasional terakreditasi Kemenristekdikti peringkat 3 dan 4
1028057601,Suwarno,8040139,Analisis terhadap Peranan Digital Marketing pada Media Sosial Perbankan: Studi Eksplorasi Penerimaan Konsumen,Marketing,Manajemen,06/12/2022,Nasional non-sinta,Jurnal Nasional terakreditasi Kemenristekdikti peringkat 3 dan 4
1028057601,Suwarno,8040139,Analisis Perbandingan Codeigniter dan Yii Framework pada Perancangan Website Rencana Anggaran Biaya,Website Making,Logical Thinking,30/12/2022,Nasional non-sinta,Jurnal Nasional terakreditasi Kemenristekdikti peringkat 3 dan 4
1028057601,Suwarno,8040139,Analisis Penerimaan Electronic Money bagi Mahasiswa Kota Batam dengan Model Tam: Studi Kasus pada Link Aja,Manajemen,Basis Data,21/01/2023,Nasional non-sinta,Jurnal Nasional terakreditasi Kemenristekdikti peringkat 3 dan 4
1028057601,Suwarno,8040139,Analisis Keefektifan Instagram Sebagai Media Kampanye Nasionalisme dan Feminisme di Kalangan Remaja,Marketing,Multimedia,03/12/2002,Nasional non-sinta,Jurnal Nasional terakreditasi Kemenristekdikti peringkat 5 dan 6
1028057601,Suwarno,8040139, Analisis Performa Backend Framework: Studi Komparasi Framework Golang dan Node.JS,Pemograman,Logical Thinking,01/03/2021,International,Jurnal Internasional bereputasi (terindeks pada database internasional bereputasi dan berfaktor dampak)
1028057601,Suwarno,8040139,Analisis Penerimaan Crypto Aset di Kalangan Mahasiswa di Batam,Manajemen,Marketing,01/02/2023,Nasional non-sinta,Jurnal Nasional terakreditasi Kemenristekdikti peringkat 3 dan 4
1028057601,Suwarno,8040139,Rancang Bangun Sistem Informasi Manajemen Inventaris Berbasis Website Menggunakan Metode SDLC,Website Making,Basis Data,28/07/2023,Nasional non-sinta,Jurnal Nasional terakreditasi Kemenristekdikti peringkat 3 dan 4
1031129301,Fredian  Simanjuntak,9180087,Perancangan dan Implementasi Sistem Manajemen Peminjaman Mobil Dengan Metode Scrum di Universitas Internasional Batam,Mobile Development,-,28/01/2023,Nasional non-sinta,Jurnal Nasional terakreditasi Dikti
